module_name,class_name,candidate_group,direct_param_count,has_weight,weight_shape,direct_param_dtypes
model,Qwen3ASRForConditionalGeneration,,0,False,,
model.thinker,Qwen3ASRThinkerForConditionalGeneration,,0,False,,
model.thinker.audio_tower,Qwen3ASRAudioEncoder,,0,False,,
model.thinker.audio_tower.positional_embedding,SinusoidsPositionEmbedding,,0,False,,
model.thinker.audio_tower.layers,ModuleList,,0,False,,
model.thinker.audio_tower.layers.0,Qwen3ASRAudioEncoderLayer,,0,False,,
model.thinker.audio_tower.layers.0.self_attn,Qwen3ASRAudioAttention,,0,False,,
model.thinker.audio_tower.layers.0.self_attn.k_proj,Linear,attention_projection,1049600,True,1024x1024,float16
model.thinker.audio_tower.layers.0.self_attn.v_proj,Linear,attention_projection,1049600,True,1024x1024,float16
model.thinker.audio_tower.layers.0.self_attn.q_proj,Linear,attention_projection,1049600,True,1024x1024,float16
model.thinker.audio_tower.layers.0.self_attn.out_proj,Linear,attention_projection,1049600,True,1024x1024,float16
model.thinker.audio_tower.layers.0.self_attn_layer_norm,LayerNorm,,2048,True,1024,float16
model.thinker.audio_tower.layers.0.activation_fn,GELUActivation,,0,False,,
model.thinker.audio_tower.layers.0.fc1,Linear,mlp_projection,4198400,True,4096x1024,float16
model.thinker.audio_tower.layers.0.fc2,Linear,mlp_projection,4195328,True,1024x4096,float16
model.thinker.audio_tower.layers.0.final_layer_norm,LayerNorm,,2048,True,1024,float16
model.thinker.audio_tower.layers.1,Qwen3ASRAudioEncoderLayer,,0,False,,
model.thinker.audio_tower.layers.1.self_attn,Qwen3ASRAudioAttention,,0,False,,
model.thinker.audio_tower.layers.1.self_attn.k_proj,Linear,attention_projection,1049600,True,1024x1024,float16
model.thinker.audio_tower.layers.1.self_attn.v_proj,Linear,attention_projection,1049600,True,1024x1024,float16
model.thinker.audio_tower.layers.1.self_attn.q_proj,Linear,attention_projection,1049600,True,1024x1024,float16
model.thinker.audio_tower.layers.1.self_attn.out_proj,Linear,attention_projection,1049600,True,1024x1024,float16
model.thinker.audio_tower.layers.1.self_attn_layer_norm,LayerNorm,,2048,True,1024,float16
model.thinker.audio_tower.layers.1.activation_fn,GELUActivation,,0,False,,
model.thinker.audio_tower.layers.1.fc1,Linear,mlp_projection,4198400,True,4096x1024,float16
model.thinker.audio_tower.layers.1.fc2,Linear,mlp_projection,4195328,True,1024x4096,float16
model.thinker.audio_tower.layers.1.final_layer_norm,LayerNorm,,2048,True,1024,float16
model.thinker.audio_tower.layers.2,Qwen3ASRAudioEncoderLayer,,0,False,,
model.thinker.audio_tower.layers.2.self_attn,Qwen3ASRAudioAttention,,0,False,,
model.thinker.audio_tower.layers.2.self_attn.k_proj,Linear,attention_projection,1049600,True,1024x1024,float16
model.thinker.audio_tower.layers.2.self_attn.v_proj,Linear,attention_projection,1049600,True,1024x1024,float16
model.thinker.audio_tower.layers.2.self_attn.q_proj,Linear,attention_projection,1049600,True,1024x1024,float16
model.thinker.audio_tower.layers.2.self_attn.out_proj,Linear,attention_projection,1049600,True,1024x1024,float16
model.thinker.audio_tower.layers.2.self_attn_layer_norm,LayerNorm,,2048,True,1024,float16
model.thinker.audio_tower.layers.2.activation_fn,GELUActivation,,0,False,,
model.thinker.audio_tower.layers.2.fc1,Linear,mlp_projection,4198400,True,4096x1024,float16
model.thinker.audio_tower.layers.2.fc2,Linear,mlp_projection,4195328,True,1024x4096,float16
model.thinker.audio_tower.layers.2.final_layer_norm,LayerNorm,,2048,True,1024,float16
model.thinker.audio_tower.layers.3,Qwen3ASRAudioEncoderLayer,,0,False,,
model.thinker.audio_tower.layers.3.self_attn,Qwen3ASRAudioAttention,,0,False,,
model.thinker.audio_tower.layers.3.self_attn.k_proj,Linear,attention_projection,1049600,True,1024x1024,float16
model.thinker.audio_tower.layers.3.self_attn.v_proj,Linear,attention_projection,1049600,True,1024x1024,float16
model.thinker.audio_tower.layers.3.self_attn.q_proj,Linear,attention_projection,1049600,True,1024x1024,float16
model.thinker.audio_tower.layers.3.self_attn.out_proj,Linear,attention_projection,1049600,True,1024x1024,float16
model.thinker.audio_tower.layers.3.self_attn_layer_norm,LayerNorm,,2048,True,1024,float16
model.thinker.audio_tower.layers.3.activation_fn,GELUActivation,,0,False,,
model.thinker.audio_tower.layers.3.fc1,Linear,mlp_projection,4198400,True,4096x1024,float16
model.thinker.audio_tower.layers.3.fc2,Linear,mlp_projection,4195328,True,1024x4096,float16
model.thinker.audio_tower.layers.3.final_layer_norm,LayerNorm,,2048,True,1024,float16
model.thinker.audio_tower.layers.4,Qwen3ASRAudioEncoderLayer,,0,False,,
model.thinker.audio_tower.layers.4.self_attn,Qwen3ASRAudioAttention,,0,False,,
model.thinker.audio_tower.layers.4.self_attn.k_proj,Linear,attention_projection,1049600,True,1024x1024,float16
model.thinker.audio_tower.layers.4.self_attn.v_proj,Linear,attention_projection,1049600,True,1024x1024,float16
model.thinker.audio_tower.layers.4.self_attn.q_proj,Linear,attention_projection,1049600,True,1024x1024,float16
model.thinker.audio_tower.layers.4.self_attn.out_proj,Linear,attention_projection,1049600,True,1024x1024,float16
model.thinker.audio_tower.layers.4.self_attn_layer_norm,LayerNorm,,2048,True,1024,float16
model.thinker.audio_tower.layers.4.activation_fn,GELUActivation,,0,False,,
model.thinker.audio_tower.layers.4.fc1,Linear,mlp_projection,4198400,True,4096x1024,float16
model.thinker.audio_tower.layers.4.fc2,Linear,mlp_projection,4195328,True,1024x4096,float16
model.thinker.audio_tower.layers.4.final_layer_norm,LayerNorm,,2048,True,1024,float16
model.thinker.audio_tower.layers.5,Qwen3ASRAudioEncoderLayer,,0,False,,
model.thinker.audio_tower.layers.5.self_attn,Qwen3ASRAudioAttention,,0,False,,
model.thinker.audio_tower.layers.5.self_attn.k_proj,Linear,attention_projection,1049600,True,1024x1024,float16
model.thinker.audio_tower.layers.5.self_attn.v_proj,Linear,attention_projection,1049600,True,1024x1024,float16
model.thinker.audio_tower.layers.5.self_attn.q_proj,Linear,attention_projection,1049600,True,1024x1024,float16
model.thinker.audio_tower.layers.5.self_attn.out_proj,Linear,attention_projection,1049600,True,1024x1024,float16
model.thinker.audio_tower.layers.5.self_attn_layer_norm,LayerNorm,,2048,True,1024,float16
model.thinker.audio_tower.layers.5.activation_fn,GELUActivation,,0,False,,
model.thinker.audio_tower.layers.5.fc1,Linear,mlp_projection,4198400,True,4096x1024,float16
model.thinker.audio_tower.layers.5.fc2,Linear,mlp_projection,4195328,True,1024x4096,float16
model.thinker.audio_tower.layers.5.final_layer_norm,LayerNorm,,2048,True,1024,float16
model.thinker.audio_tower.layers.6,Qwen3ASRAudioEncoderLayer,,0,False,,
model.thinker.audio_tower.layers.6.self_attn,Qwen3ASRAudioAttention,,0,False,,
model.thinker.audio_tower.layers.6.self_attn.k_proj,Linear,attention_projection,1049600,True,1024x1024,float16
model.thinker.audio_tower.layers.6.self_attn.v_proj,Linear,attention_projection,1049600,True,1024x1024,float16
model.thinker.audio_tower.layers.6.self_attn.q_proj,Linear,attention_projection,1049600,True,1024x1024,float16
model.thinker.audio_tower.layers.6.self_attn.out_proj,Linear,attention_projection,1049600,True,1024x1024,float16
model.thinker.audio_tower.layers.6.self_attn_layer_norm,LayerNorm,,2048,True,1024,float16
model.thinker.audio_tower.layers.6.activation_fn,GELUActivation,,0,False,,
model.thinker.audio_tower.layers.6.fc1,Linear,mlp_projection,4198400,True,4096x1024,float16
model.thinker.audio_tower.layers.6.fc2,Linear,mlp_projection,4195328,True,1024x4096,float16
model.thinker.audio_tower.layers.6.final_layer_norm,LayerNorm,,2048,True,1024,float16
model.thinker.audio_tower.layers.7,Qwen3ASRAudioEncoderLayer,,0,False,,
model.thinker.audio_tower.layers.7.self_attn,Qwen3ASRAudioAttention,,0,False,,
model.thinker.audio_tower.layers.7.self_attn.k_proj,Linear,attention_projection,1049600,True,1024x1024,float16
model.thinker.audio_tower.layers.7.self_attn.v_proj,Linear,attention_projection,1049600,True,1024x1024,float16
model.thinker.audio_tower.layers.7.self_attn.q_proj,Linear,attention_projection,1049600,True,1024x1024,float16
model.thinker.audio_tower.layers.7.self_attn.out_proj,Linear,attention_projection,1049600,True,1024x1024,float16
model.thinker.audio_tower.layers.7.self_attn_layer_norm,LayerNorm,,2048,True,1024,float16
model.thinker.audio_tower.layers.7.activation_fn,GELUActivation,,0,False,,
model.thinker.audio_tower.layers.7.fc1,Linear,mlp_projection,4198400,True,4096x1024,float16
model.thinker.audio_tower.layers.7.fc2,Linear,mlp_projection,4195328,True,1024x4096,float16
model.thinker.audio_tower.layers.7.final_layer_norm,LayerNorm,,2048,True,1024,float16
model.thinker.audio_tower.layers.8,Qwen3ASRAudioEncoderLayer,,0,False,,
model.thinker.audio_tower.layers.8.self_attn,Qwen3ASRAudioAttention,,0,False,,
model.thinker.audio_tower.layers.8.self_attn.k_proj,Linear,attention_projection,1049600,True,1024x1024,float16
model.thinker.audio_tower.layers.8.self_attn.v_proj,Linear,attention_projection,1049600,True,1024x1024,float16
model.thinker.audio_tower.layers.8.self_attn.q_proj,Linear,attention_projection,1049600,True,1024x1024,float16
model.thinker.audio_tower.layers.8.self_attn.out_proj,Linear,attention_projection,1049600,True,1024x1024,float16
model.thinker.audio_tower.layers.8.self_attn_layer_norm,LayerNorm,,2048,True,1024,float16
model.thinker.audio_tower.layers.8.activation_fn,GELUActivation,,0,False,,
model.thinker.audio_tower.layers.8.fc1,Linear,mlp_projection,4198400,True,4096x1024,float16
model.thinker.audio_tower.layers.8.fc2,Linear,mlp_projection,4195328,True,1024x4096,float16
model.thinker.audio_tower.layers.8.final_layer_norm,LayerNorm,,2048,True,1024,float16
model.thinker.audio_tower.layers.9,Qwen3ASRAudioEncoderLayer,,0,False,,
model.thinker.audio_tower.layers.9.self_attn,Qwen3ASRAudioAttention,,0,False,,
model.thinker.audio_tower.layers.9.self_attn.k_proj,Linear,attention_projection,1049600,True,1024x1024,float16
model.thinker.audio_tower.layers.9.self_attn.v_proj,Linear,attention_projection,1049600,True,1024x1024,float16
model.thinker.audio_tower.layers.9.self_attn.q_proj,Linear,attention_projection,1049600,True,1024x1024,float16
model.thinker.audio_tower.layers.9.self_attn.out_proj,Linear,attention_projection,1049600,True,1024x1024,float16
model.thinker.audio_tower.layers.9.self_attn_layer_norm,LayerNorm,,2048,True,1024,float16
model.thinker.audio_tower.layers.9.activation_fn,GELUActivation,,0,False,,
model.thinker.audio_tower.layers.9.fc1,Linear,mlp_projection,4198400,True,4096x1024,float16
model.thinker.audio_tower.layers.9.fc2,Linear,mlp_projection,4195328,True,1024x4096,float16
model.thinker.audio_tower.layers.9.final_layer_norm,LayerNorm,,2048,True,1024,float16
model.thinker.audio_tower.layers.10,Qwen3ASRAudioEncoderLayer,,0,False,,
model.thinker.audio_tower.layers.10.self_attn,Qwen3ASRAudioAttention,,0,False,,
model.thinker.audio_tower.layers.10.self_attn.k_proj,Linear,attention_projection,1049600,True,1024x1024,float16
model.thinker.audio_tower.layers.10.self_attn.v_proj,Linear,attention_projection,1049600,True,1024x1024,float16
model.thinker.audio_tower.layers.10.self_attn.q_proj,Linear,attention_projection,1049600,True,1024x1024,float16
model.thinker.audio_tower.layers.10.self_attn.out_proj,Linear,attention_projection,1049600,True,1024x1024,float16
model.thinker.audio_tower.layers.10.self_attn_layer_norm,LayerNorm,,2048,True,1024,float16
model.thinker.audio_tower.layers.10.activation_fn,GELUActivation,,0,False,,
model.thinker.audio_tower.layers.10.fc1,Linear,mlp_projection,4198400,True,4096x1024,float16
model.thinker.audio_tower.layers.10.fc2,Linear,mlp_projection,4195328,True,1024x4096,float16
model.thinker.audio_tower.layers.10.final_layer_norm,LayerNorm,,2048,True,1024,float16
model.thinker.audio_tower.layers.11,Qwen3ASRAudioEncoderLayer,,0,False,,
model.thinker.audio_tower.layers.11.self_attn,Qwen3ASRAudioAttention,,0,False,,
model.thinker.audio_tower.layers.11.self_attn.k_proj,Linear,attention_projection,1049600,True,1024x1024,float16
model.thinker.audio_tower.layers.11.self_attn.v_proj,Linear,attention_projection,1049600,True,1024x1024,float16
model.thinker.audio_tower.layers.11.self_attn.q_proj,Linear,attention_projection,1049600,True,1024x1024,float16
model.thinker.audio_tower.layers.11.self_attn.out_proj,Linear,attention_projection,1049600,True,1024x1024,float16
model.thinker.audio_tower.layers.11.self_attn_layer_norm,LayerNorm,,2048,True,1024,float16
model.thinker.audio_tower.layers.11.activation_fn,GELUActivation,,0,False,,
model.thinker.audio_tower.layers.11.fc1,Linear,mlp_projection,4198400,True,4096x1024,float16
model.thinker.audio_tower.layers.11.fc2,Linear,mlp_projection,4195328,True,1024x4096,float16
model.thinker.audio_tower.layers.11.final_layer_norm,LayerNorm,,2048,True,1024,float16
model.thinker.audio_tower.layers.12,Qwen3ASRAudioEncoderLayer,,0,False,,
model.thinker.audio_tower.layers.12.self_attn,Qwen3ASRAudioAttention,,0,False,,
model.thinker.audio_tower.layers.12.self_attn.k_proj,Linear,attention_projection,1049600,True,1024x1024,float16
model.thinker.audio_tower.layers.12.self_attn.v_proj,Linear,attention_projection,1049600,True,1024x1024,float16
model.thinker.audio_tower.layers.12.self_attn.q_proj,Linear,attention_projection,1049600,True,1024x1024,float16
model.thinker.audio_tower.layers.12.self_attn.out_proj,Linear,attention_projection,1049600,True,1024x1024,float16
model.thinker.audio_tower.layers.12.self_attn_layer_norm,LayerNorm,,2048,True,1024,float16
model.thinker.audio_tower.layers.12.activation_fn,GELUActivation,,0,False,,
model.thinker.audio_tower.layers.12.fc1,Linear,mlp_projection,4198400,True,4096x1024,float16
model.thinker.audio_tower.layers.12.fc2,Linear,mlp_projection,4195328,True,1024x4096,float16
model.thinker.audio_tower.layers.12.final_layer_norm,LayerNorm,,2048,True,1024,float16
model.thinker.audio_tower.layers.13,Qwen3ASRAudioEncoderLayer,,0,False,,
model.thinker.audio_tower.layers.13.self_attn,Qwen3ASRAudioAttention,,0,False,,
model.thinker.audio_tower.layers.13.self_attn.k_proj,Linear,attention_projection,1049600,True,1024x1024,float16
model.thinker.audio_tower.layers.13.self_attn.v_proj,Linear,attention_projection,1049600,True,1024x1024,float16
model.thinker.audio_tower.layers.13.self_attn.q_proj,Linear,attention_projection,1049600,True,1024x1024,float16
model.thinker.audio_tower.layers.13.self_attn.out_proj,Linear,attention_projection,1049600,True,1024x1024,float16
model.thinker.audio_tower.layers.13.self_attn_layer_norm,LayerNorm,,2048,True,1024,float16
model.thinker.audio_tower.layers.13.activation_fn,GELUActivation,,0,False,,
model.thinker.audio_tower.layers.13.fc1,Linear,mlp_projection,4198400,True,4096x1024,float16
model.thinker.audio_tower.layers.13.fc2,Linear,mlp_projection,4195328,True,1024x4096,float16
model.thinker.audio_tower.layers.13.final_layer_norm,LayerNorm,,2048,True,1024,float16
model.thinker.audio_tower.layers.14,Qwen3ASRAudioEncoderLayer,,0,False,,
model.thinker.audio_tower.layers.14.self_attn,Qwen3ASRAudioAttention,,0,False,,
model.thinker.audio_tower.layers.14.self_attn.k_proj,Linear,attention_projection,1049600,True,1024x1024,float16
model.thinker.audio_tower.layers.14.self_attn.v_proj,Linear,attention_projection,1049600,True,1024x1024,float16
model.thinker.audio_tower.layers.14.self_attn.q_proj,Linear,attention_projection,1049600,True,1024x1024,float16
model.thinker.audio_tower.layers.14.self_attn.out_proj,Linear,attention_projection,1049600,True,1024x1024,float16
model.thinker.audio_tower.layers.14.self_attn_layer_norm,LayerNorm,,2048,True,1024,float16
model.thinker.audio_tower.layers.14.activation_fn,GELUActivation,,0,False,,
model.thinker.audio_tower.layers.14.fc1,Linear,mlp_projection,4198400,True,4096x1024,float16
model.thinker.audio_tower.layers.14.fc2,Linear,mlp_projection,4195328,True,1024x4096,float16
model.thinker.audio_tower.layers.14.final_layer_norm,LayerNorm,,2048,True,1024,float16
model.thinker.audio_tower.layers.15,Qwen3ASRAudioEncoderLayer,,0,False,,
model.thinker.audio_tower.layers.15.self_attn,Qwen3ASRAudioAttention,,0,False,,
model.thinker.audio_tower.layers.15.self_attn.k_proj,Linear,attention_projection,1049600,True,1024x1024,float16
model.thinker.audio_tower.layers.15.self_attn.v_proj,Linear,attention_projection,1049600,True,1024x1024,float16
model.thinker.audio_tower.layers.15.self_attn.q_proj,Linear,attention_projection,1049600,True,1024x1024,float16
model.thinker.audio_tower.layers.15.self_attn.out_proj,Linear,attention_projection,1049600,True,1024x1024,float16
model.thinker.audio_tower.layers.15.self_attn_layer_norm,LayerNorm,,2048,True,1024,float16
model.thinker.audio_tower.layers.15.activation_fn,GELUActivation,,0,False,,
model.thinker.audio_tower.layers.15.fc1,Linear,mlp_projection,4198400,True,4096x1024,float16
model.thinker.audio_tower.layers.15.fc2,Linear,mlp_projection,4195328,True,1024x4096,float16
model.thinker.audio_tower.layers.15.final_layer_norm,LayerNorm,,2048,True,1024,float16
model.thinker.audio_tower.layers.16,Qwen3ASRAudioEncoderLayer,,0,False,,
model.thinker.audio_tower.layers.16.self_attn,Qwen3ASRAudioAttention,,0,False,,
model.thinker.audio_tower.layers.16.self_attn.k_proj,Linear,attention_projection,1049600,True,1024x1024,float16
model.thinker.audio_tower.layers.16.self_attn.v_proj,Linear,attention_projection,1049600,True,1024x1024,float16
model.thinker.audio_tower.layers.16.self_attn.q_proj,Linear,attention_projection,1049600,True,1024x1024,float16
model.thinker.audio_tower.layers.16.self_attn.out_proj,Linear,attention_projection,1049600,True,1024x1024,float16
model.thinker.audio_tower.layers.16.self_attn_layer_norm,LayerNorm,,2048,True,1024,float16
model.thinker.audio_tower.layers.16.activation_fn,GELUActivation,,0,False,,
model.thinker.audio_tower.layers.16.fc1,Linear,mlp_projection,4198400,True,4096x1024,float16
model.thinker.audio_tower.layers.16.fc2,Linear,mlp_projection,4195328,True,1024x4096,float16
model.thinker.audio_tower.layers.16.final_layer_norm,LayerNorm,,2048,True,1024,float16
model.thinker.audio_tower.layers.17,Qwen3ASRAudioEncoderLayer,,0,False,,
model.thinker.audio_tower.layers.17.self_attn,Qwen3ASRAudioAttention,,0,False,,
model.thinker.audio_tower.layers.17.self_attn.k_proj,Linear,attention_projection,1049600,True,1024x1024,float16
model.thinker.audio_tower.layers.17.self_attn.v_proj,Linear,attention_projection,1049600,True,1024x1024,float16
model.thinker.audio_tower.layers.17.self_attn.q_proj,Linear,attention_projection,1049600,True,1024x1024,float16
model.thinker.audio_tower.layers.17.self_attn.out_proj,Linear,attention_projection,1049600,True,1024x1024,float16
model.thinker.audio_tower.layers.17.self_attn_layer_norm,LayerNorm,,2048,True,1024,float16
model.thinker.audio_tower.layers.17.activation_fn,GELUActivation,,0,False,,
model.thinker.audio_tower.layers.17.fc1,Linear,mlp_projection,4198400,True,4096x1024,float16
model.thinker.audio_tower.layers.17.fc2,Linear,mlp_projection,4195328,True,1024x4096,float16
model.thinker.audio_tower.layers.17.final_layer_norm,LayerNorm,,2048,True,1024,float16
model.thinker.audio_tower.layers.18,Qwen3ASRAudioEncoderLayer,,0,False,,
model.thinker.audio_tower.layers.18.self_attn,Qwen3ASRAudioAttention,,0,False,,
model.thinker.audio_tower.layers.18.self_attn.k_proj,Linear,attention_projection,1049600,True,1024x1024,float16
model.thinker.audio_tower.layers.18.self_attn.v_proj,Linear,attention_projection,1049600,True,1024x1024,float16
model.thinker.audio_tower.layers.18.self_attn.q_proj,Linear,attention_projection,1049600,True,1024x1024,float16
model.thinker.audio_tower.layers.18.self_attn.out_proj,Linear,attention_projection,1049600,True,1024x1024,float16
model.thinker.audio_tower.layers.18.self_attn_layer_norm,LayerNorm,,2048,True,1024,float16
model.thinker.audio_tower.layers.18.activation_fn,GELUActivation,,0,False,,
model.thinker.audio_tower.layers.18.fc1,Linear,mlp_projection,4198400,True,4096x1024,float16
model.thinker.audio_tower.layers.18.fc2,Linear,mlp_projection,4195328,True,1024x4096,float16
model.thinker.audio_tower.layers.18.final_layer_norm,LayerNorm,,2048,True,1024,float16
model.thinker.audio_tower.layers.19,Qwen3ASRAudioEncoderLayer,,0,False,,
model.thinker.audio_tower.layers.19.self_attn,Qwen3ASRAudioAttention,,0,False,,
model.thinker.audio_tower.layers.19.self_attn.k_proj,Linear,attention_projection,1049600,True,1024x1024,float16
model.thinker.audio_tower.layers.19.self_attn.v_proj,Linear,attention_projection,1049600,True,1024x1024,float16
model.thinker.audio_tower.layers.19.self_attn.q_proj,Linear,attention_projection,1049600,True,1024x1024,float16
model.thinker.audio_tower.layers.19.self_attn.out_proj,Linear,attention_projection,1049600,True,1024x1024,float16
model.thinker.audio_tower.layers.19.self_attn_layer_norm,LayerNorm,,2048,True,1024,float16
model.thinker.audio_tower.layers.19.activation_fn,GELUActivation,,0,False,,
model.thinker.audio_tower.layers.19.fc1,Linear,mlp_projection,4198400,True,4096x1024,float16
model.thinker.audio_tower.layers.19.fc2,Linear,mlp_projection,4195328,True,1024x4096,float16
model.thinker.audio_tower.layers.19.final_layer_norm,LayerNorm,,2048,True,1024,float16
model.thinker.audio_tower.layers.20,Qwen3ASRAudioEncoderLayer,,0,False,,
model.thinker.audio_tower.layers.20.self_attn,Qwen3ASRAudioAttention,,0,False,,
model.thinker.audio_tower.layers.20.self_attn.k_proj,Linear,attention_projection,1049600,True,1024x1024,float16
model.thinker.audio_tower.layers.20.self_attn.v_proj,Linear,attention_projection,1049600,True,1024x1024,float16
model.thinker.audio_tower.layers.20.self_attn.q_proj,Linear,attention_projection,1049600,True,1024x1024,float16
model.thinker.audio_tower.layers.20.self_attn.out_proj,Linear,attention_projection,1049600,True,1024x1024,float16
model.thinker.audio_tower.layers.20.self_attn_layer_norm,LayerNorm,,2048,True,1024,float16
model.thinker.audio_tower.layers.20.activation_fn,GELUActivation,,0,False,,
model.thinker.audio_tower.layers.20.fc1,Linear,mlp_projection,4198400,True,4096x1024,float16
model.thinker.audio_tower.layers.20.fc2,Linear,mlp_projection,4195328,True,1024x4096,float16
model.thinker.audio_tower.layers.20.final_layer_norm,LayerNorm,,2048,True,1024,float16
model.thinker.audio_tower.layers.21,Qwen3ASRAudioEncoderLayer,,0,False,,
model.thinker.audio_tower.layers.21.self_attn,Qwen3ASRAudioAttention,,0,False,,
model.thinker.audio_tower.layers.21.self_attn.k_proj,Linear,attention_projection,1049600,True,1024x1024,float16
model.thinker.audio_tower.layers.21.self_attn.v_proj,Linear,attention_projection,1049600,True,1024x1024,float16
model.thinker.audio_tower.layers.21.self_attn.q_proj,Linear,attention_projection,1049600,True,1024x1024,float16
model.thinker.audio_tower.layers.21.self_attn.out_proj,Linear,attention_projection,1049600,True,1024x1024,float16
model.thinker.audio_tower.layers.21.self_attn_layer_norm,LayerNorm,,2048,True,1024,float16
model.thinker.audio_tower.layers.21.activation_fn,GELUActivation,,0,False,,
model.thinker.audio_tower.layers.21.fc1,Linear,mlp_projection,4198400,True,4096x1024,float16
model.thinker.audio_tower.layers.21.fc2,Linear,mlp_projection,4195328,True,1024x4096,float16
model.thinker.audio_tower.layers.21.final_layer_norm,LayerNorm,,2048,True,1024,float16
model.thinker.audio_tower.layers.22,Qwen3ASRAudioEncoderLayer,,0,False,,
model.thinker.audio_tower.layers.22.self_attn,Qwen3ASRAudioAttention,,0,False,,
model.thinker.audio_tower.layers.22.self_attn.k_proj,Linear,attention_projection,1049600,True,1024x1024,float16
model.thinker.audio_tower.layers.22.self_attn.v_proj,Linear,attention_projection,1049600,True,1024x1024,float16
model.thinker.audio_tower.layers.22.self_attn.q_proj,Linear,attention_projection,1049600,True,1024x1024,float16
model.thinker.audio_tower.layers.22.self_attn.out_proj,Linear,attention_projection,1049600,True,1024x1024,float16
model.thinker.audio_tower.layers.22.self_attn_layer_norm,LayerNorm,,2048,True,1024,float16
model.thinker.audio_tower.layers.22.activation_fn,GELUActivation,,0,False,,
model.thinker.audio_tower.layers.22.fc1,Linear,mlp_projection,4198400,True,4096x1024,float16
model.thinker.audio_tower.layers.22.fc2,Linear,mlp_projection,4195328,True,1024x4096,float16
model.thinker.audio_tower.layers.22.final_layer_norm,LayerNorm,,2048,True,1024,float16
model.thinker.audio_tower.layers.23,Qwen3ASRAudioEncoderLayer,,0,False,,
model.thinker.audio_tower.layers.23.self_attn,Qwen3ASRAudioAttention,,0,False,,
model.thinker.audio_tower.layers.23.self_attn.k_proj,Linear,attention_projection,1049600,True,1024x1024,float16
model.thinker.audio_tower.layers.23.self_attn.v_proj,Linear,attention_projection,1049600,True,1024x1024,float16
model.thinker.audio_tower.layers.23.self_attn.q_proj,Linear,attention_projection,1049600,True,1024x1024,float16
model.thinker.audio_tower.layers.23.self_attn.out_proj,Linear,attention_projection,1049600,True,1024x1024,float16
model.thinker.audio_tower.layers.23.self_attn_layer_norm,LayerNorm,,2048,True,1024,float16
model.thinker.audio_tower.layers.23.activation_fn,GELUActivation,,0,False,,
model.thinker.audio_tower.layers.23.fc1,Linear,mlp_projection,4198400,True,4096x1024,float16
model.thinker.audio_tower.layers.23.fc2,Linear,mlp_projection,4195328,True,1024x4096,float16
model.thinker.audio_tower.layers.23.final_layer_norm,LayerNorm,,2048,True,1024,float16
model.thinker.audio_tower.ln_post,LayerNorm,,2048,True,1024,float16
model.thinker.audio_tower.conv2d1,Conv2d,speech_conv,4800,True,480x1x3x3,float16
model.thinker.audio_tower.conv2d2,Conv2d,speech_conv,2074080,True,480x480x3x3,float16
model.thinker.audio_tower.conv2d3,Conv2d,speech_conv,2074080,True,480x480x3x3,float16
model.thinker.audio_tower.conv_out,Linear,speech_projection,7864320,True,1024x7680,float16
model.thinker.audio_tower.proj1,Linear,speech_projection,1049600,True,1024x1024,float16
model.thinker.audio_tower.act,GELUActivation,,0,False,,
model.thinker.audio_tower.proj2,Linear,speech_projection,2099200,True,2048x1024,float16
model.thinker.model,Qwen3ASRThinkerTextModel,,0,False,,
model.thinker.model.embed_tokens,Embedding,,311164928,True,151936x2048,float16
model.thinker.model.layers,ModuleList,,0,False,,
model.thinker.model.layers.0,Qwen3ASRThinkerTextDecoderLayer,,0,False,,
model.thinker.model.layers.0.self_attn,Qwen3ASRTextAttention,,0,False,,
model.thinker.model.layers.0.self_attn.q_proj,Linear,attention_projection,4194304,True,2048x2048,float16
model.thinker.model.layers.0.self_attn.k_proj,Linear,attention_projection,2097152,True,1024x2048,float16
model.thinker.model.layers.0.self_attn.v_proj,Linear,attention_projection,2097152,True,1024x2048,float16
model.thinker.model.layers.0.self_attn.o_proj,Linear,attention_projection,4194304,True,2048x2048,float16
model.thinker.model.layers.0.self_attn.q_norm,Qwen3ASRTextRMSNorm,,128,True,128,float16
model.thinker.model.layers.0.self_attn.k_norm,Qwen3ASRTextRMSNorm,,128,True,128,float16
model.thinker.model.layers.0.mlp,Qwen3ASRTextMLP,,0,False,,
model.thinker.model.layers.0.mlp.gate_proj,Linear,mlp_projection,12582912,True,6144x2048,float16
model.thinker.model.layers.0.mlp.up_proj,Linear,mlp_projection,12582912,True,6144x2048,float16
model.thinker.model.layers.0.mlp.down_proj,Linear,mlp_projection,12582912,True,2048x6144,float16
model.thinker.model.layers.0.mlp.act_fn,SiLUActivation,,0,False,,
model.thinker.model.layers.0.input_layernorm,Qwen3ASRTextRMSNorm,,2048,True,2048,float16
model.thinker.model.layers.0.post_attention_layernorm,Qwen3ASRTextRMSNorm,,2048,True,2048,float16
model.thinker.model.layers.1,Qwen3ASRThinkerTextDecoderLayer,,0,False,,
model.thinker.model.layers.1.self_attn,Qwen3ASRTextAttention,,0,False,,
model.thinker.model.layers.1.self_attn.q_proj,Linear,attention_projection,4194304,True,2048x2048,float16
model.thinker.model.layers.1.self_attn.k_proj,Linear,attention_projection,2097152,True,1024x2048,float16
model.thinker.model.layers.1.self_attn.v_proj,Linear,attention_projection,2097152,True,1024x2048,float16
model.thinker.model.layers.1.self_attn.o_proj,Linear,attention_projection,4194304,True,2048x2048,float16
model.thinker.model.layers.1.self_attn.q_norm,Qwen3ASRTextRMSNorm,,128,True,128,float16
model.thinker.model.layers.1.self_attn.k_norm,Qwen3ASRTextRMSNorm,,128,True,128,float16
model.thinker.model.layers.1.mlp,Qwen3ASRTextMLP,,0,False,,
model.thinker.model.layers.1.mlp.gate_proj,Linear,mlp_projection,12582912,True,6144x2048,float16
model.thinker.model.layers.1.mlp.up_proj,Linear,mlp_projection,12582912,True,6144x2048,float16
model.thinker.model.layers.1.mlp.down_proj,Linear,mlp_projection,12582912,True,2048x6144,float16
model.thinker.model.layers.1.mlp.act_fn,SiLUActivation,,0,False,,
model.thinker.model.layers.1.input_layernorm,Qwen3ASRTextRMSNorm,,2048,True,2048,float16
model.thinker.model.layers.1.post_attention_layernorm,Qwen3ASRTextRMSNorm,,2048,True,2048,float16
model.thinker.model.layers.2,Qwen3ASRThinkerTextDecoderLayer,,0,False,,
model.thinker.model.layers.2.self_attn,Qwen3ASRTextAttention,,0,False,,
model.thinker.model.layers.2.self_attn.q_proj,Linear,attention_projection,4194304,True,2048x2048,float16
model.thinker.model.layers.2.self_attn.k_proj,Linear,attention_projection,2097152,True,1024x2048,float16
model.thinker.model.layers.2.self_attn.v_proj,Linear,attention_projection,2097152,True,1024x2048,float16
model.thinker.model.layers.2.self_attn.o_proj,Linear,attention_projection,4194304,True,2048x2048,float16
model.thinker.model.layers.2.self_attn.q_norm,Qwen3ASRTextRMSNorm,,128,True,128,float16
model.thinker.model.layers.2.self_attn.k_norm,Qwen3ASRTextRMSNorm,,128,True,128,float16
model.thinker.model.layers.2.mlp,Qwen3ASRTextMLP,,0,False,,
model.thinker.model.layers.2.mlp.gate_proj,Linear,mlp_projection,12582912,True,6144x2048,float16
model.thinker.model.layers.2.mlp.up_proj,Linear,mlp_projection,12582912,True,6144x2048,float16
model.thinker.model.layers.2.mlp.down_proj,Linear,mlp_projection,12582912,True,2048x6144,float16
model.thinker.model.layers.2.mlp.act_fn,SiLUActivation,,0,False,,
model.thinker.model.layers.2.input_layernorm,Qwen3ASRTextRMSNorm,,2048,True,2048,float16
model.thinker.model.layers.2.post_attention_layernorm,Qwen3ASRTextRMSNorm,,2048,True,2048,float16
model.thinker.model.layers.3,Qwen3ASRThinkerTextDecoderLayer,,0,False,,
model.thinker.model.layers.3.self_attn,Qwen3ASRTextAttention,,0,False,,
model.thinker.model.layers.3.self_attn.q_proj,Linear,attention_projection,4194304,True,2048x2048,float16
model.thinker.model.layers.3.self_attn.k_proj,Linear,attention_projection,2097152,True,1024x2048,float16
model.thinker.model.layers.3.self_attn.v_proj,Linear,attention_projection,2097152,True,1024x2048,float16
model.thinker.model.layers.3.self_attn.o_proj,Linear,attention_projection,4194304,True,2048x2048,float16
model.thinker.model.layers.3.self_attn.q_norm,Qwen3ASRTextRMSNorm,,128,True,128,float16
model.thinker.model.layers.3.self_attn.k_norm,Qwen3ASRTextRMSNorm,,128,True,128,float16
model.thinker.model.layers.3.mlp,Qwen3ASRTextMLP,,0,False,,
model.thinker.model.layers.3.mlp.gate_proj,Linear,mlp_projection,12582912,True,6144x2048,float16
model.thinker.model.layers.3.mlp.up_proj,Linear,mlp_projection,12582912,True,6144x2048,float16
model.thinker.model.layers.3.mlp.down_proj,Linear,mlp_projection,12582912,True,2048x6144,float16
model.thinker.model.layers.3.mlp.act_fn,SiLUActivation,,0,False,,
model.thinker.model.layers.3.input_layernorm,Qwen3ASRTextRMSNorm,,2048,True,2048,float16
model.thinker.model.layers.3.post_attention_layernorm,Qwen3ASRTextRMSNorm,,2048,True,2048,float16
model.thinker.model.layers.4,Qwen3ASRThinkerTextDecoderLayer,,0,False,,
model.thinker.model.layers.4.self_attn,Qwen3ASRTextAttention,,0,False,,
model.thinker.model.layers.4.self_attn.q_proj,Linear,attention_projection,4194304,True,2048x2048,float16
model.thinker.model.layers.4.self_attn.k_proj,Linear,attention_projection,2097152,True,1024x2048,float16
model.thinker.model.layers.4.self_attn.v_proj,Linear,attention_projection,2097152,True,1024x2048,float16
model.thinker.model.layers.4.self_attn.o_proj,Linear,attention_projection,4194304,True,2048x2048,float16
model.thinker.model.layers.4.self_attn.q_norm,Qwen3ASRTextRMSNorm,,128,True,128,float16
model.thinker.model.layers.4.self_attn.k_norm,Qwen3ASRTextRMSNorm,,128,True,128,float16
model.thinker.model.layers.4.mlp,Qwen3ASRTextMLP,,0,False,,
model.thinker.model.layers.4.mlp.gate_proj,Linear,mlp_projection,12582912,True,6144x2048,float16
model.thinker.model.layers.4.mlp.up_proj,Linear,mlp_projection,12582912,True,6144x2048,float16
model.thinker.model.layers.4.mlp.down_proj,Linear,mlp_projection,12582912,True,2048x6144,float16
model.thinker.model.layers.4.mlp.act_fn,SiLUActivation,,0,False,,
model.thinker.model.layers.4.input_layernorm,Qwen3ASRTextRMSNorm,,2048,True,2048,float16
model.thinker.model.layers.4.post_attention_layernorm,Qwen3ASRTextRMSNorm,,2048,True,2048,float16
model.thinker.model.layers.5,Qwen3ASRThinkerTextDecoderLayer,,0,False,,
model.thinker.model.layers.5.self_attn,Qwen3ASRTextAttention,,0,False,,
model.thinker.model.layers.5.self_attn.q_proj,Linear,attention_projection,4194304,True,2048x2048,float16
model.thinker.model.layers.5.self_attn.k_proj,Linear,attention_projection,2097152,True,1024x2048,float16
model.thinker.model.layers.5.self_attn.v_proj,Linear,attention_projection,2097152,True,1024x2048,float16
model.thinker.model.layers.5.self_attn.o_proj,Linear,attention_projection,4194304,True,2048x2048,float16
model.thinker.model.layers.5.self_attn.q_norm,Qwen3ASRTextRMSNorm,,128,True,128,float16
model.thinker.model.layers.5.self_attn.k_norm,Qwen3ASRTextRMSNorm,,128,True,128,float16
model.thinker.model.layers.5.mlp,Qwen3ASRTextMLP,,0,False,,
model.thinker.model.layers.5.mlp.gate_proj,Linear,mlp_projection,12582912,True,6144x2048,float16
model.thinker.model.layers.5.mlp.up_proj,Linear,mlp_projection,12582912,True,6144x2048,float16
model.thinker.model.layers.5.mlp.down_proj,Linear,mlp_projection,12582912,True,2048x6144,float16
model.thinker.model.layers.5.mlp.act_fn,SiLUActivation,,0,False,,
model.thinker.model.layers.5.input_layernorm,Qwen3ASRTextRMSNorm,,2048,True,2048,float16
model.thinker.model.layers.5.post_attention_layernorm,Qwen3ASRTextRMSNorm,,2048,True,2048,float16
model.thinker.model.layers.6,Qwen3ASRThinkerTextDecoderLayer,,0,False,,
model.thinker.model.layers.6.self_attn,Qwen3ASRTextAttention,,0,False,,
model.thinker.model.layers.6.self_attn.q_proj,Linear,attention_projection,4194304,True,2048x2048,float16
model.thinker.model.layers.6.self_attn.k_proj,Linear,attention_projection,2097152,True,1024x2048,float16
model.thinker.model.layers.6.self_attn.v_proj,Linear,attention_projection,2097152,True,1024x2048,float16
model.thinker.model.layers.6.self_attn.o_proj,Linear,attention_projection,4194304,True,2048x2048,float16
model.thinker.model.layers.6.self_attn.q_norm,Qwen3ASRTextRMSNorm,,128,True,128,float16
model.thinker.model.layers.6.self_attn.k_norm,Qwen3ASRTextRMSNorm,,128,True,128,float16
model.thinker.model.layers.6.mlp,Qwen3ASRTextMLP,,0,False,,
model.thinker.model.layers.6.mlp.gate_proj,Linear,mlp_projection,12582912,True,6144x2048,float16
model.thinker.model.layers.6.mlp.up_proj,Linear,mlp_projection,12582912,True,6144x2048,float16
model.thinker.model.layers.6.mlp.down_proj,Linear,mlp_projection,12582912,True,2048x6144,float16
model.thinker.model.layers.6.mlp.act_fn,SiLUActivation,,0,False,,
model.thinker.model.layers.6.input_layernorm,Qwen3ASRTextRMSNorm,,2048,True,2048,float16
model.thinker.model.layers.6.post_attention_layernorm,Qwen3ASRTextRMSNorm,,2048,True,2048,float16
model.thinker.model.layers.7,Qwen3ASRThinkerTextDecoderLayer,,0,False,,
model.thinker.model.layers.7.self_attn,Qwen3ASRTextAttention,,0,False,,
model.thinker.model.layers.7.self_attn.q_proj,Linear,attention_projection,4194304,True,2048x2048,float16
model.thinker.model.layers.7.self_attn.k_proj,Linear,attention_projection,2097152,True,1024x2048,float16
model.thinker.model.layers.7.self_attn.v_proj,Linear,attention_projection,2097152,True,1024x2048,float16
model.thinker.model.layers.7.self_attn.o_proj,Linear,attention_projection,4194304,True,2048x2048,float16
model.thinker.model.layers.7.self_attn.q_norm,Qwen3ASRTextRMSNorm,,128,True,128,float16
model.thinker.model.layers.7.self_attn.k_norm,Qwen3ASRTextRMSNorm,,128,True,128,float16
model.thinker.model.layers.7.mlp,Qwen3ASRTextMLP,,0,False,,
model.thinker.model.layers.7.mlp.gate_proj,Linear,mlp_projection,12582912,True,6144x2048,float16
model.thinker.model.layers.7.mlp.up_proj,Linear,mlp_projection,12582912,True,6144x2048,float16
model.thinker.model.layers.7.mlp.down_proj,Linear,mlp_projection,12582912,True,2048x6144,float16
model.thinker.model.layers.7.mlp.act_fn,SiLUActivation,,0,False,,
model.thinker.model.layers.7.input_layernorm,Qwen3ASRTextRMSNorm,,2048,True,2048,float16
model.thinker.model.layers.7.post_attention_layernorm,Qwen3ASRTextRMSNorm,,2048,True,2048,float16
model.thinker.model.layers.8,Qwen3ASRThinkerTextDecoderLayer,,0,False,,
model.thinker.model.layers.8.self_attn,Qwen3ASRTextAttention,,0,False,,
model.thinker.model.layers.8.self_attn.q_proj,Linear,attention_projection,4194304,True,2048x2048,float16
model.thinker.model.layers.8.self_attn.k_proj,Linear,attention_projection,2097152,True,1024x2048,float16
model.thinker.model.layers.8.self_attn.v_proj,Linear,attention_projection,2097152,True,1024x2048,float16
model.thinker.model.layers.8.self_attn.o_proj,Linear,attention_projection,4194304,True,2048x2048,float16
model.thinker.model.layers.8.self_attn.q_norm,Qwen3ASRTextRMSNorm,,128,True,128,float16
model.thinker.model.layers.8.self_attn.k_norm,Qwen3ASRTextRMSNorm,,128,True,128,float16
model.thinker.model.layers.8.mlp,Qwen3ASRTextMLP,,0,False,,
model.thinker.model.layers.8.mlp.gate_proj,Linear,mlp_projection,12582912,True,6144x2048,float16
model.thinker.model.layers.8.mlp.up_proj,Linear,mlp_projection,12582912,True,6144x2048,float16
model.thinker.model.layers.8.mlp.down_proj,Linear,mlp_projection,12582912,True,2048x6144,float16
model.thinker.model.layers.8.mlp.act_fn,SiLUActivation,,0,False,,
model.thinker.model.layers.8.input_layernorm,Qwen3ASRTextRMSNorm,,2048,True,2048,float16
model.thinker.model.layers.8.post_attention_layernorm,Qwen3ASRTextRMSNorm,,2048,True,2048,float16
model.thinker.model.layers.9,Qwen3ASRThinkerTextDecoderLayer,,0,False,,
model.thinker.model.layers.9.self_attn,Qwen3ASRTextAttention,,0,False,,
model.thinker.model.layers.9.self_attn.q_proj,Linear,attention_projection,4194304,True,2048x2048,float16
model.thinker.model.layers.9.self_attn.k_proj,Linear,attention_projection,2097152,True,1024x2048,float16
model.thinker.model.layers.9.self_attn.v_proj,Linear,attention_projection,2097152,True,1024x2048,float16
model.thinker.model.layers.9.self_attn.o_proj,Linear,attention_projection,4194304,True,2048x2048,float16
model.thinker.model.layers.9.self_attn.q_norm,Qwen3ASRTextRMSNorm,,128,True,128,float16
model.thinker.model.layers.9.self_attn.k_norm,Qwen3ASRTextRMSNorm,,128,True,128,float16
model.thinker.model.layers.9.mlp,Qwen3ASRTextMLP,,0,False,,
model.thinker.model.layers.9.mlp.gate_proj,Linear,mlp_projection,12582912,True,6144x2048,float16
model.thinker.model.layers.9.mlp.up_proj,Linear,mlp_projection,12582912,True,6144x2048,float16
model.thinker.model.layers.9.mlp.down_proj,Linear,mlp_projection,12582912,True,2048x6144,float16
model.thinker.model.layers.9.mlp.act_fn,SiLUActivation,,0,False,,
model.thinker.model.layers.9.input_layernorm,Qwen3ASRTextRMSNorm,,2048,True,2048,float16
model.thinker.model.layers.9.post_attention_layernorm,Qwen3ASRTextRMSNorm,,2048,True,2048,float16
model.thinker.model.layers.10,Qwen3ASRThinkerTextDecoderLayer,,0,False,,
model.thinker.model.layers.10.self_attn,Qwen3ASRTextAttention,,0,False,,
model.thinker.model.layers.10.self_attn.q_proj,Linear,attention_projection,4194304,True,2048x2048,float16
model.thinker.model.layers.10.self_attn.k_proj,Linear,attention_projection,2097152,True,1024x2048,float16
model.thinker.model.layers.10.self_attn.v_proj,Linear,attention_projection,2097152,True,1024x2048,float16
model.thinker.model.layers.10.self_attn.o_proj,Linear,attention_projection,4194304,True,2048x2048,float16
model.thinker.model.layers.10.self_attn.q_norm,Qwen3ASRTextRMSNorm,,128,True,128,float16
model.thinker.model.layers.10.self_attn.k_norm,Qwen3ASRTextRMSNorm,,128,True,128,float16
model.thinker.model.layers.10.mlp,Qwen3ASRTextMLP,,0,False,,
model.thinker.model.layers.10.mlp.gate_proj,Linear,mlp_projection,12582912,True,6144x2048,float16
model.thinker.model.layers.10.mlp.up_proj,Linear,mlp_projection,12582912,True,6144x2048,float16
model.thinker.model.layers.10.mlp.down_proj,Linear,mlp_projection,12582912,True,2048x6144,float16
model.thinker.model.layers.10.mlp.act_fn,SiLUActivation,,0,False,,
model.thinker.model.layers.10.input_layernorm,Qwen3ASRTextRMSNorm,,2048,True,2048,float16
model.thinker.model.layers.10.post_attention_layernorm,Qwen3ASRTextRMSNorm,,2048,True,2048,float16
model.thinker.model.layers.11,Qwen3ASRThinkerTextDecoderLayer,,0,False,,
model.thinker.model.layers.11.self_attn,Qwen3ASRTextAttention,,0,False,,
model.thinker.model.layers.11.self_attn.q_proj,Linear,attention_projection,4194304,True,2048x2048,float16
model.thinker.model.layers.11.self_attn.k_proj,Linear,attention_projection,2097152,True,1024x2048,float16
model.thinker.model.layers.11.self_attn.v_proj,Linear,attention_projection,2097152,True,1024x2048,float16
model.thinker.model.layers.11.self_attn.o_proj,Linear,attention_projection,4194304,True,2048x2048,float16
model.thinker.model.layers.11.self_attn.q_norm,Qwen3ASRTextRMSNorm,,128,True,128,float16
model.thinker.model.layers.11.self_attn.k_norm,Qwen3ASRTextRMSNorm,,128,True,128,float16
model.thinker.model.layers.11.mlp,Qwen3ASRTextMLP,,0,False,,
model.thinker.model.layers.11.mlp.gate_proj,Linear,mlp_projection,12582912,True,6144x2048,float16
model.thinker.model.layers.11.mlp.up_proj,Linear,mlp_projection,12582912,True,6144x2048,float16
model.thinker.model.layers.11.mlp.down_proj,Linear,mlp_projection,12582912,True,2048x6144,float16
model.thinker.model.layers.11.mlp.act_fn,SiLUActivation,,0,False,,
model.thinker.model.layers.11.input_layernorm,Qwen3ASRTextRMSNorm,,2048,True,2048,float16
model.thinker.model.layers.11.post_attention_layernorm,Qwen3ASRTextRMSNorm,,2048,True,2048,float16
model.thinker.model.layers.12,Qwen3ASRThinkerTextDecoderLayer,,0,False,,
model.thinker.model.layers.12.self_attn,Qwen3ASRTextAttention,,0,False,,
model.thinker.model.layers.12.self_attn.q_proj,Linear,attention_projection,4194304,True,2048x2048,float16
model.thinker.model.layers.12.self_attn.k_proj,Linear,attention_projection,2097152,True,1024x2048,float16
model.thinker.model.layers.12.self_attn.v_proj,Linear,attention_projection,2097152,True,1024x2048,float16
model.thinker.model.layers.12.self_attn.o_proj,Linear,attention_projection,4194304,True,2048x2048,float16
model.thinker.model.layers.12.self_attn.q_norm,Qwen3ASRTextRMSNorm,,128,True,128,float16
model.thinker.model.layers.12.self_attn.k_norm,Qwen3ASRTextRMSNorm,,128,True,128,float16
model.thinker.model.layers.12.mlp,Qwen3ASRTextMLP,,0,False,,
model.thinker.model.layers.12.mlp.gate_proj,Linear,mlp_projection,12582912,True,6144x2048,float16
model.thinker.model.layers.12.mlp.up_proj,Linear,mlp_projection,12582912,True,6144x2048,float16
model.thinker.model.layers.12.mlp.down_proj,Linear,mlp_projection,12582912,True,2048x6144,float16
model.thinker.model.layers.12.mlp.act_fn,SiLUActivation,,0,False,,
model.thinker.model.layers.12.input_layernorm,Qwen3ASRTextRMSNorm,,2048,True,2048,float16
model.thinker.model.layers.12.post_attention_layernorm,Qwen3ASRTextRMSNorm,,2048,True,2048,float16
model.thinker.model.layers.13,Qwen3ASRThinkerTextDecoderLayer,,0,False,,
model.thinker.model.layers.13.self_attn,Qwen3ASRTextAttention,,0,False,,
model.thinker.model.layers.13.self_attn.q_proj,Linear,attention_projection,4194304,True,2048x2048,float16
model.thinker.model.layers.13.self_attn.k_proj,Linear,attention_projection,2097152,True,1024x2048,float16
model.thinker.model.layers.13.self_attn.v_proj,Linear,attention_projection,2097152,True,1024x2048,float16
model.thinker.model.layers.13.self_attn.o_proj,Linear,attention_projection,4194304,True,2048x2048,float16
model.thinker.model.layers.13.self_attn.q_norm,Qwen3ASRTextRMSNorm,,128,True,128,float16
model.thinker.model.layers.13.self_attn.k_norm,Qwen3ASRTextRMSNorm,,128,True,128,float16
model.thinker.model.layers.13.mlp,Qwen3ASRTextMLP,,0,False,,
model.thinker.model.layers.13.mlp.gate_proj,Linear,mlp_projection,12582912,True,6144x2048,float16
model.thinker.model.layers.13.mlp.up_proj,Linear,mlp_projection,12582912,True,6144x2048,float16
model.thinker.model.layers.13.mlp.down_proj,Linear,mlp_projection,12582912,True,2048x6144,float16
model.thinker.model.layers.13.mlp.act_fn,SiLUActivation,,0,False,,
model.thinker.model.layers.13.input_layernorm,Qwen3ASRTextRMSNorm,,2048,True,2048,float16
model.thinker.model.layers.13.post_attention_layernorm,Qwen3ASRTextRMSNorm,,2048,True,2048,float16
model.thinker.model.layers.14,Qwen3ASRThinkerTextDecoderLayer,,0,False,,
model.thinker.model.layers.14.self_attn,Qwen3ASRTextAttention,,0,False,,
model.thinker.model.layers.14.self_attn.q_proj,Linear,attention_projection,4194304,True,2048x2048,float16
model.thinker.model.layers.14.self_attn.k_proj,Linear,attention_projection,2097152,True,1024x2048,float16
model.thinker.model.layers.14.self_attn.v_proj,Linear,attention_projection,2097152,True,1024x2048,float16
model.thinker.model.layers.14.self_attn.o_proj,Linear,attention_projection,4194304,True,2048x2048,float16
model.thinker.model.layers.14.self_attn.q_norm,Qwen3ASRTextRMSNorm,,128,True,128,float16
model.thinker.model.layers.14.self_attn.k_norm,Qwen3ASRTextRMSNorm,,128,True,128,float16
model.thinker.model.layers.14.mlp,Qwen3ASRTextMLP,,0,False,,
model.thinker.model.layers.14.mlp.gate_proj,Linear,mlp_projection,12582912,True,6144x2048,float16
model.thinker.model.layers.14.mlp.up_proj,Linear,mlp_projection,12582912,True,6144x2048,float16
model.thinker.model.layers.14.mlp.down_proj,Linear,mlp_projection,12582912,True,2048x6144,float16
model.thinker.model.layers.14.mlp.act_fn,SiLUActivation,,0,False,,
model.thinker.model.layers.14.input_layernorm,Qwen3ASRTextRMSNorm,,2048,True,2048,float16
model.thinker.model.layers.14.post_attention_layernorm,Qwen3ASRTextRMSNorm,,2048,True,2048,float16
model.thinker.model.layers.15,Qwen3ASRThinkerTextDecoderLayer,,0,False,,
model.thinker.model.layers.15.self_attn,Qwen3ASRTextAttention,,0,False,,
model.thinker.model.layers.15.self_attn.q_proj,Linear,attention_projection,4194304,True,2048x2048,float16
model.thinker.model.layers.15.self_attn.k_proj,Linear,attention_projection,2097152,True,1024x2048,float16
model.thinker.model.layers.15.self_attn.v_proj,Linear,attention_projection,2097152,True,1024x2048,float16
model.thinker.model.layers.15.self_attn.o_proj,Linear,attention_projection,4194304,True,2048x2048,float16
model.thinker.model.layers.15.self_attn.q_norm,Qwen3ASRTextRMSNorm,,128,True,128,float16
model.thinker.model.layers.15.self_attn.k_norm,Qwen3ASRTextRMSNorm,,128,True,128,float16
model.thinker.model.layers.15.mlp,Qwen3ASRTextMLP,,0,False,,
model.thinker.model.layers.15.mlp.gate_proj,Linear,mlp_projection,12582912,True,6144x2048,float16
model.thinker.model.layers.15.mlp.up_proj,Linear,mlp_projection,12582912,True,6144x2048,float16
model.thinker.model.layers.15.mlp.down_proj,Linear,mlp_projection,12582912,True,2048x6144,float16
model.thinker.model.layers.15.mlp.act_fn,SiLUActivation,,0,False,,
model.thinker.model.layers.15.input_layernorm,Qwen3ASRTextRMSNorm,,2048,True,2048,float16
model.thinker.model.layers.15.post_attention_layernorm,Qwen3ASRTextRMSNorm,,2048,True,2048,float16
model.thinker.model.layers.16,Qwen3ASRThinkerTextDecoderLayer,,0,False,,
model.thinker.model.layers.16.self_attn,Qwen3ASRTextAttention,,0,False,,
model.thinker.model.layers.16.self_attn.q_proj,Linear,attention_projection,4194304,True,2048x2048,float16
model.thinker.model.layers.16.self_attn.k_proj,Linear,attention_projection,2097152,True,1024x2048,float16
model.thinker.model.layers.16.self_attn.v_proj,Linear,attention_projection,2097152,True,1024x2048,float16
model.thinker.model.layers.16.self_attn.o_proj,Linear,attention_projection,4194304,True,2048x2048,float16
model.thinker.model.layers.16.self_attn.q_norm,Qwen3ASRTextRMSNorm,,128,True,128,float16
model.thinker.model.layers.16.self_attn.k_norm,Qwen3ASRTextRMSNorm,,128,True,128,float16
model.thinker.model.layers.16.mlp,Qwen3ASRTextMLP,,0,False,,
model.thinker.model.layers.16.mlp.gate_proj,Linear,mlp_projection,12582912,True,6144x2048,float16
model.thinker.model.layers.16.mlp.up_proj,Linear,mlp_projection,12582912,True,6144x2048,float16
model.thinker.model.layers.16.mlp.down_proj,Linear,mlp_projection,12582912,True,2048x6144,float16
model.thinker.model.layers.16.mlp.act_fn,SiLUActivation,,0,False,,
model.thinker.model.layers.16.input_layernorm,Qwen3ASRTextRMSNorm,,2048,True,2048,float16
model.thinker.model.layers.16.post_attention_layernorm,Qwen3ASRTextRMSNorm,,2048,True,2048,float16
model.thinker.model.layers.17,Qwen3ASRThinkerTextDecoderLayer,,0,False,,
model.thinker.model.layers.17.self_attn,Qwen3ASRTextAttention,,0,False,,
model.thinker.model.layers.17.self_attn.q_proj,Linear,attention_projection,4194304,True,2048x2048,float16
model.thinker.model.layers.17.self_attn.k_proj,Linear,attention_projection,2097152,True,1024x2048,float16
model.thinker.model.layers.17.self_attn.v_proj,Linear,attention_projection,2097152,True,1024x2048,float16
model.thinker.model.layers.17.self_attn.o_proj,Linear,attention_projection,4194304,True,2048x2048,float16
model.thinker.model.layers.17.self_attn.q_norm,Qwen3ASRTextRMSNorm,,128,True,128,float16
model.thinker.model.layers.17.self_attn.k_norm,Qwen3ASRTextRMSNorm,,128,True,128,float16
model.thinker.model.layers.17.mlp,Qwen3ASRTextMLP,,0,False,,
model.thinker.model.layers.17.mlp.gate_proj,Linear,mlp_projection,12582912,True,6144x2048,float16
model.thinker.model.layers.17.mlp.up_proj,Linear,mlp_projection,12582912,True,6144x2048,float16
model.thinker.model.layers.17.mlp.down_proj,Linear,mlp_projection,12582912,True,2048x6144,float16
model.thinker.model.layers.17.mlp.act_fn,SiLUActivation,,0,False,,
model.thinker.model.layers.17.input_layernorm,Qwen3ASRTextRMSNorm,,2048,True,2048,float16
model.thinker.model.layers.17.post_attention_layernorm,Qwen3ASRTextRMSNorm,,2048,True,2048,float16
model.thinker.model.layers.18,Qwen3ASRThinkerTextDecoderLayer,,0,False,,
model.thinker.model.layers.18.self_attn,Qwen3ASRTextAttention,,0,False,,
model.thinker.model.layers.18.self_attn.q_proj,Linear,attention_projection,4194304,True,2048x2048,float16
model.thinker.model.layers.18.self_attn.k_proj,Linear,attention_projection,2097152,True,1024x2048,float16
model.thinker.model.layers.18.self_attn.v_proj,Linear,attention_projection,2097152,True,1024x2048,float16
model.thinker.model.layers.18.self_attn.o_proj,Linear,attention_projection,4194304,True,2048x2048,float16
model.thinker.model.layers.18.self_attn.q_norm,Qwen3ASRTextRMSNorm,,128,True,128,float16
model.thinker.model.layers.18.self_attn.k_norm,Qwen3ASRTextRMSNorm,,128,True,128,float16
model.thinker.model.layers.18.mlp,Qwen3ASRTextMLP,,0,False,,
model.thinker.model.layers.18.mlp.gate_proj,Linear,mlp_projection,12582912,True,6144x2048,float16
model.thinker.model.layers.18.mlp.up_proj,Linear,mlp_projection,12582912,True,6144x2048,float16
model.thinker.model.layers.18.mlp.down_proj,Linear,mlp_projection,12582912,True,2048x6144,float16
model.thinker.model.layers.18.mlp.act_fn,SiLUActivation,,0,False,,
model.thinker.model.layers.18.input_layernorm,Qwen3ASRTextRMSNorm,,2048,True,2048,float16
model.thinker.model.layers.18.post_attention_layernorm,Qwen3ASRTextRMSNorm,,2048,True,2048,float16
model.thinker.model.layers.19,Qwen3ASRThinkerTextDecoderLayer,,0,False,,
model.thinker.model.layers.19.self_attn,Qwen3ASRTextAttention,,0,False,,
model.thinker.model.layers.19.self_attn.q_proj,Linear,attention_projection,4194304,True,2048x2048,float16
model.thinker.model.layers.19.self_attn.k_proj,Linear,attention_projection,2097152,True,1024x2048,float16
model.thinker.model.layers.19.self_attn.v_proj,Linear,attention_projection,2097152,True,1024x2048,float16
model.thinker.model.layers.19.self_attn.o_proj,Linear,attention_projection,4194304,True,2048x2048,float16
model.thinker.model.layers.19.self_attn.q_norm,Qwen3ASRTextRMSNorm,,128,True,128,float16
model.thinker.model.layers.19.self_attn.k_norm,Qwen3ASRTextRMSNorm,,128,True,128,float16
model.thinker.model.layers.19.mlp,Qwen3ASRTextMLP,,0,False,,
model.thinker.model.layers.19.mlp.gate_proj,Linear,mlp_projection,12582912,True,6144x2048,float16
model.thinker.model.layers.19.mlp.up_proj,Linear,mlp_projection,12582912,True,6144x2048,float16
model.thinker.model.layers.19.mlp.down_proj,Linear,mlp_projection,12582912,True,2048x6144,float16
model.thinker.model.layers.19.mlp.act_fn,SiLUActivation,,0,False,,
model.thinker.model.layers.19.input_layernorm,Qwen3ASRTextRMSNorm,,2048,True,2048,float16
model.thinker.model.layers.19.post_attention_layernorm,Qwen3ASRTextRMSNorm,,2048,True,2048,float16
model.thinker.model.layers.20,Qwen3ASRThinkerTextDecoderLayer,,0,False,,
model.thinker.model.layers.20.self_attn,Qwen3ASRTextAttention,,0,False,,
model.thinker.model.layers.20.self_attn.q_proj,Linear,attention_projection,4194304,True,2048x2048,float16
model.thinker.model.layers.20.self_attn.k_proj,Linear,attention_projection,2097152,True,1024x2048,float16
model.thinker.model.layers.20.self_attn.v_proj,Linear,attention_projection,2097152,True,1024x2048,float16
model.thinker.model.layers.20.self_attn.o_proj,Linear,attention_projection,4194304,True,2048x2048,float16
model.thinker.model.layers.20.self_attn.q_norm,Qwen3ASRTextRMSNorm,,128,True,128,float16
model.thinker.model.layers.20.self_attn.k_norm,Qwen3ASRTextRMSNorm,,128,True,128,float16
model.thinker.model.layers.20.mlp,Qwen3ASRTextMLP,,0,False,,
model.thinker.model.layers.20.mlp.gate_proj,Linear,mlp_projection,12582912,True,6144x2048,float16
model.thinker.model.layers.20.mlp.up_proj,Linear,mlp_projection,12582912,True,6144x2048,float16
model.thinker.model.layers.20.mlp.down_proj,Linear,mlp_projection,12582912,True,2048x6144,float16
model.thinker.model.layers.20.mlp.act_fn,SiLUActivation,,0,False,,
model.thinker.model.layers.20.input_layernorm,Qwen3ASRTextRMSNorm,,2048,True,2048,float16
model.thinker.model.layers.20.post_attention_layernorm,Qwen3ASRTextRMSNorm,,2048,True,2048,float16
model.thinker.model.layers.21,Qwen3ASRThinkerTextDecoderLayer,,0,False,,
model.thinker.model.layers.21.self_attn,Qwen3ASRTextAttention,,0,False,,
model.thinker.model.layers.21.self_attn.q_proj,Linear,attention_projection,4194304,True,2048x2048,float16
model.thinker.model.layers.21.self_attn.k_proj,Linear,attention_projection,2097152,True,1024x2048,float16
model.thinker.model.layers.21.self_attn.v_proj,Linear,attention_projection,2097152,True,1024x2048,float16
model.thinker.model.layers.21.self_attn.o_proj,Linear,attention_projection,4194304,True,2048x2048,float16
model.thinker.model.layers.21.self_attn.q_norm,Qwen3ASRTextRMSNorm,,128,True,128,float16
model.thinker.model.layers.21.self_attn.k_norm,Qwen3ASRTextRMSNorm,,128,True,128,float16
model.thinker.model.layers.21.mlp,Qwen3ASRTextMLP,,0,False,,
model.thinker.model.layers.21.mlp.gate_proj,Linear,mlp_projection,12582912,True,6144x2048,float16
model.thinker.model.layers.21.mlp.up_proj,Linear,mlp_projection,12582912,True,6144x2048,float16
model.thinker.model.layers.21.mlp.down_proj,Linear,mlp_projection,12582912,True,2048x6144,float16
model.thinker.model.layers.21.mlp.act_fn,SiLUActivation,,0,False,,
model.thinker.model.layers.21.input_layernorm,Qwen3ASRTextRMSNorm,,2048,True,2048,float16
model.thinker.model.layers.21.post_attention_layernorm,Qwen3ASRTextRMSNorm,,2048,True,2048,float16
model.thinker.model.layers.22,Qwen3ASRThinkerTextDecoderLayer,,0,False,,
model.thinker.model.layers.22.self_attn,Qwen3ASRTextAttention,,0,False,,
model.thinker.model.layers.22.self_attn.q_proj,Linear,attention_projection,4194304,True,2048x2048,float16
model.thinker.model.layers.22.self_attn.k_proj,Linear,attention_projection,2097152,True,1024x2048,float16
model.thinker.model.layers.22.self_attn.v_proj,Linear,attention_projection,2097152,True,1024x2048,float16
model.thinker.model.layers.22.self_attn.o_proj,Linear,attention_projection,4194304,True,2048x2048,float16
model.thinker.model.layers.22.self_attn.q_norm,Qwen3ASRTextRMSNorm,,128,True,128,float16
model.thinker.model.layers.22.self_attn.k_norm,Qwen3ASRTextRMSNorm,,128,True,128,float16
model.thinker.model.layers.22.mlp,Qwen3ASRTextMLP,,0,False,,
model.thinker.model.layers.22.mlp.gate_proj,Linear,mlp_projection,12582912,True,6144x2048,float16
model.thinker.model.layers.22.mlp.up_proj,Linear,mlp_projection,12582912,True,6144x2048,float16
model.thinker.model.layers.22.mlp.down_proj,Linear,mlp_projection,12582912,True,2048x6144,float16
model.thinker.model.layers.22.mlp.act_fn,SiLUActivation,,0,False,,
model.thinker.model.layers.22.input_layernorm,Qwen3ASRTextRMSNorm,,2048,True,2048,float16
model.thinker.model.layers.22.post_attention_layernorm,Qwen3ASRTextRMSNorm,,2048,True,2048,float16
model.thinker.model.layers.23,Qwen3ASRThinkerTextDecoderLayer,,0,False,,
model.thinker.model.layers.23.self_attn,Qwen3ASRTextAttention,,0,False,,
model.thinker.model.layers.23.self_attn.q_proj,Linear,attention_projection,4194304,True,2048x2048,float16
model.thinker.model.layers.23.self_attn.k_proj,Linear,attention_projection,2097152,True,1024x2048,float16
model.thinker.model.layers.23.self_attn.v_proj,Linear,attention_projection,2097152,True,1024x2048,float16
model.thinker.model.layers.23.self_attn.o_proj,Linear,attention_projection,4194304,True,2048x2048,float16
model.thinker.model.layers.23.self_attn.q_norm,Qwen3ASRTextRMSNorm,,128,True,128,float16
model.thinker.model.layers.23.self_attn.k_norm,Qwen3ASRTextRMSNorm,,128,True,128,float16
model.thinker.model.layers.23.mlp,Qwen3ASRTextMLP,,0,False,,
model.thinker.model.layers.23.mlp.gate_proj,Linear,mlp_projection,12582912,True,6144x2048,float16
model.thinker.model.layers.23.mlp.up_proj,Linear,mlp_projection,12582912,True,6144x2048,float16
model.thinker.model.layers.23.mlp.down_proj,Linear,mlp_projection,12582912,True,2048x6144,float16
model.thinker.model.layers.23.mlp.act_fn,SiLUActivation,,0,False,,
model.thinker.model.layers.23.input_layernorm,Qwen3ASRTextRMSNorm,,2048,True,2048,float16
model.thinker.model.layers.23.post_attention_layernorm,Qwen3ASRTextRMSNorm,,2048,True,2048,float16
model.thinker.model.layers.24,Qwen3ASRThinkerTextDecoderLayer,,0,False,,
model.thinker.model.layers.24.self_attn,Qwen3ASRTextAttention,,0,False,,
model.thinker.model.layers.24.self_attn.q_proj,Linear,attention_projection,4194304,True,2048x2048,float16
model.thinker.model.layers.24.self_attn.k_proj,Linear,attention_projection,2097152,True,1024x2048,float16
model.thinker.model.layers.24.self_attn.v_proj,Linear,attention_projection,2097152,True,1024x2048,float16
model.thinker.model.layers.24.self_attn.o_proj,Linear,attention_projection,4194304,True,2048x2048,float16
model.thinker.model.layers.24.self_attn.q_norm,Qwen3ASRTextRMSNorm,,128,True,128,float16
model.thinker.model.layers.24.self_attn.k_norm,Qwen3ASRTextRMSNorm,,128,True,128,float16
model.thinker.model.layers.24.mlp,Qwen3ASRTextMLP,,0,False,,
model.thinker.model.layers.24.mlp.gate_proj,Linear,mlp_projection,12582912,True,6144x2048,float16
model.thinker.model.layers.24.mlp.up_proj,Linear,mlp_projection,12582912,True,6144x2048,float16
model.thinker.model.layers.24.mlp.down_proj,Linear,mlp_projection,12582912,True,2048x6144,float16
model.thinker.model.layers.24.mlp.act_fn,SiLUActivation,,0,False,,
model.thinker.model.layers.24.input_layernorm,Qwen3ASRTextRMSNorm,,2048,True,2048,float16
model.thinker.model.layers.24.post_attention_layernorm,Qwen3ASRTextRMSNorm,,2048,True,2048,float16
model.thinker.model.layers.25,Qwen3ASRThinkerTextDecoderLayer,,0,False,,
model.thinker.model.layers.25.self_attn,Qwen3ASRTextAttention,,0,False,,
model.thinker.model.layers.25.self_attn.q_proj,Linear,attention_projection,4194304,True,2048x2048,float16
model.thinker.model.layers.25.self_attn.k_proj,Linear,attention_projection,2097152,True,1024x2048,float16
model.thinker.model.layers.25.self_attn.v_proj,Linear,attention_projection,2097152,True,1024x2048,float16
model.thinker.model.layers.25.self_attn.o_proj,Linear,attention_projection,4194304,True,2048x2048,float16
model.thinker.model.layers.25.self_attn.q_norm,Qwen3ASRTextRMSNorm,,128,True,128,float16
model.thinker.model.layers.25.self_attn.k_norm,Qwen3ASRTextRMSNorm,,128,True,128,float16
model.thinker.model.layers.25.mlp,Qwen3ASRTextMLP,,0,False,,
model.thinker.model.layers.25.mlp.gate_proj,Linear,mlp_projection,12582912,True,6144x2048,float16
model.thinker.model.layers.25.mlp.up_proj,Linear,mlp_projection,12582912,True,6144x2048,float16
model.thinker.model.layers.25.mlp.down_proj,Linear,mlp_projection,12582912,True,2048x6144,float16
model.thinker.model.layers.25.mlp.act_fn,SiLUActivation,,0,False,,
model.thinker.model.layers.25.input_layernorm,Qwen3ASRTextRMSNorm,,2048,True,2048,float16
model.thinker.model.layers.25.post_attention_layernorm,Qwen3ASRTextRMSNorm,,2048,True,2048,float16
model.thinker.model.layers.26,Qwen3ASRThinkerTextDecoderLayer,,0,False,,
model.thinker.model.layers.26.self_attn,Qwen3ASRTextAttention,,0,False,,
model.thinker.model.layers.26.self_attn.q_proj,Linear,attention_projection,4194304,True,2048x2048,float16
model.thinker.model.layers.26.self_attn.k_proj,Linear,attention_projection,2097152,True,1024x2048,float16
model.thinker.model.layers.26.self_attn.v_proj,Linear,attention_projection,2097152,True,1024x2048,float16
model.thinker.model.layers.26.self_attn.o_proj,Linear,attention_projection,4194304,True,2048x2048,float16
model.thinker.model.layers.26.self_attn.q_norm,Qwen3ASRTextRMSNorm,,128,True,128,float16
model.thinker.model.layers.26.self_attn.k_norm,Qwen3ASRTextRMSNorm,,128,True,128,float16
model.thinker.model.layers.26.mlp,Qwen3ASRTextMLP,,0,False,,
model.thinker.model.layers.26.mlp.gate_proj,Linear,mlp_projection,12582912,True,6144x2048,float16
model.thinker.model.layers.26.mlp.up_proj,Linear,mlp_projection,12582912,True,6144x2048,float16
model.thinker.model.layers.26.mlp.down_proj,Linear,mlp_projection,12582912,True,2048x6144,float16
model.thinker.model.layers.26.mlp.act_fn,SiLUActivation,,0,False,,
model.thinker.model.layers.26.input_layernorm,Qwen3ASRTextRMSNorm,,2048,True,2048,float16
model.thinker.model.layers.26.post_attention_layernorm,Qwen3ASRTextRMSNorm,,2048,True,2048,float16
model.thinker.model.layers.27,Qwen3ASRThinkerTextDecoderLayer,,0,False,,
model.thinker.model.layers.27.self_attn,Qwen3ASRTextAttention,,0,False,,
model.thinker.model.layers.27.self_attn.q_proj,Linear,attention_projection,4194304,True,2048x2048,float16
model.thinker.model.layers.27.self_attn.k_proj,Linear,attention_projection,2097152,True,1024x2048,float16
model.thinker.model.layers.27.self_attn.v_proj,Linear,attention_projection,2097152,True,1024x2048,float16
model.thinker.model.layers.27.self_attn.o_proj,Linear,attention_projection,4194304,True,2048x2048,float16
model.thinker.model.layers.27.self_attn.q_norm,Qwen3ASRTextRMSNorm,,128,True,128,float16
model.thinker.model.layers.27.self_attn.k_norm,Qwen3ASRTextRMSNorm,,128,True,128,float16
model.thinker.model.layers.27.mlp,Qwen3ASRTextMLP,,0,False,,
model.thinker.model.layers.27.mlp.gate_proj,Linear,mlp_projection,12582912,True,6144x2048,float16
model.thinker.model.layers.27.mlp.up_proj,Linear,mlp_projection,12582912,True,6144x2048,float16
model.thinker.model.layers.27.mlp.down_proj,Linear,mlp_projection,12582912,True,2048x6144,float16
model.thinker.model.layers.27.mlp.act_fn,SiLUActivation,,0,False,,
model.thinker.model.layers.27.input_layernorm,Qwen3ASRTextRMSNorm,,2048,True,2048,float16
model.thinker.model.layers.27.post_attention_layernorm,Qwen3ASRTextRMSNorm,,2048,True,2048,float16
model.thinker.model.norm,Qwen3ASRTextRMSNorm,,2048,True,2048,float16
model.thinker.model.rotary_emb,Qwen3ASRThinkerTextRotaryEmbedding,,0,False,,
model.thinker.lm_head,Linear,review_only,311164928,True,151936x2048,float16
